CMP Row,Country Name,Date,CMP Party ID,Party Name,Vote %,Total Per Codes,Dimension Emphasis (sum per codes)
87,Sweden,18/09/1994,11220,Left Party,6.174,176,0
88,Sweden,18/09/1994,11320,Social Democratic Labour Party,45.25,206,1.456
89,Sweden,18/09/1994,11420,Liberal People’s Party,7.192,192,2.083
90,Sweden,18/09/1994,11520,Christian Democratic Community Party,4.068,86,12.791
91,Sweden,18/09/1994,11620,Moderate Coalition Party,22.38,199,2.513
92,Sweden,18/09/1994,11810,Centre Party,7.653,165,1.212
93,Sweden,21/09/1998,11110,Green Ecology Party,4.5,72,0
94,Sweden,21/09/1998,11220,Left Party,11.99,331,0
95,Sweden,21/09/1998,11320,Social Democratic Labour Party,36.39,256,0.391
96,Sweden,21/09/1998,11420,Liberal People’s Party,4.72,84,2.381
97,Sweden,21/09/1998,11520,Christian Democrats,11.77,167,7.186
98,Sweden,21/09/1998,11620,Moderate Coalition Party,22.9,334,0.299
99,Sweden,21/09/1998,11810,Centre Party,5.13,242,1.653
100,Sweden,15/09/2002,11110,Green Ecology Party,4.646,161,0
101,Sweden,15/09/2002,11220,Left Party,8.388,407,0
102,Sweden,15/09/2002,11320,Social Democratic Labour Party,39.854,273,0.733
103,Sweden,15/09/2002,11420,Liberal People’s Party,13.394,429,2.331
104,Sweden,15/09/2002,11520,Christian Democrats,9.15,332,15.663
105,Sweden,15/09/2002,11620,Moderate Coalition Party,15.256,423,2.836
106,Sweden,15/09/2002,11810,Centre Party,6.193,263,1.14
107,Sweden,17/09/2006,11110,Green Ecology Party,5.244,198,0
108,Sweden,17/09/2006,11220,Left Party,5.85,389,1.285
109,Sweden,17/09/2006,11320,Social Democratic Labour Party,34.994,393,3.816
110,Sweden,17/09/2006,11420,Liberal People’s Party,7.537,605,1.488
111,Sweden,17/09/2006,11520,Christian Democrats,6.593,124,9.677
112,Sweden,17/09/2006,11620,Moderate Coalition Party,26.23,858,3.38
113,Sweden,17/09/2006,11810,Centre Party,7.879,314,2.866
114,Sweden,19/09/2010,11110,Green Ecology Party,7.34,262,0.382
115,Sweden,19/09/2010,11220,Left Party,5.6,254,1.182
116,Sweden,19/09/2010,11320,Social Democratic Labour Party,30.66,282,0.355
117,Sweden,19/09/2010,11420,Liberal People’s Party,7.06,916,2.402
118,Sweden,19/09/2010,11520,Christian Democrats,5.6,479,9.812
119,Sweden,19/09/2010,11620,Moderate Coalition Party,30.06,1896,2.848
120,Sweden,19/09/2010,11710,Sweden Democrats,5.7,204,24.51
121,Sweden,19/09/2010,11810,Centre Party,6.56,759,0.527
122,Sweden,14/09/2014,11110,Green Ecology Party,6.889,497,6.439
123,Sweden,14/09/2014,11220,Left Party,5.718,360,3.889
124,Sweden,14/09/2014,11320,Social Democratic Labour Party,31.015,543,0.921
125,Sweden,14/09/2014,11420,Liberal People’s Party,5.42,436,7.798
126,Sweden,14/09/2014,11520,Christian Democrats,4.57,389,6.169
127,Sweden,14/09/2014,11620,Moderate Coalition Party,23.325,1636,5.989
128,Sweden,14/09/2014,11710,Sweden Democrats,12.857,316,15.506
129,Sweden,14/09/2014,11810,Centre Party,6.113,380,3.684
209,Norway,13/09/1993,12320,Norwegian Labour Party,36.911,1162,2.323
210,Norway,13/09/1993,12420,Liberal Party,3.614,1200,7.25
211,Norway,13/09/1993,12520,Christian People’s Party,7.875,980,21.224
212,Norway,13/09/1993,12620,Conservative Party,17.034,1084,6.919
213,Norway,13/09/1993,12810,Centre Party,16.742,2014,8.044
214,Norway,13/09/1993,12951,Progress Party,6.275,1602,6.804
215,Norway,16/09/1997,12221,Socialist Left Party,6.01,3379,3.314
216,Norway,16/09/1997,12320,Norwegian Labour Party,35,3633,4.1
217,Norway,16/09/1997,12420,Liberal Party,4.45,1469,3.879
218,Norway,16/09/1997,12520,Christian People’s Party,13.66,1341,16.854
219,Norway,16/09/1997,12620,Conservative Party,14.34,1246,8.026
220,Norway,16/09/1997,12810,Centre Party,7.93,2729,5.864
221,Norway,16/09/1997,12951,Progress Party,15.3,2070,6.956
222,Norway,10/09/2001,12221,Socialist Left Party,12.548,2342,1.878
223,Norway,10/09/2001,12320,Norwegian Labour Party,24.293,2860,2.378
224,Norway,10/09/2001,12420,Liberal Party,3.905,2632,1.406
225,Norway,10/09/2001,12520,Christian People’s Party,12.405,3129,8.852
226,Norway,10/09/2001,12620,Conservative Party,21.208,1328,3.992
227,Norway,10/09/2001,12810,Centre Party,5.563,3378,3.997
228,Norway,10/09/2001,12951,Progress Party,14.641,2362,3.853
229,Norway,12/09/2005,12221,Socialist Left Party,8.83,2195,2.46
230,Norway,12/09/2005,12320,Norwegian Labour Party,32.69,1664,1.322
231,Norway,12/09/2005,12420,Liberal Party,5.917,2761,2.608
232,Norway,12/09/2005,12520,Christian People’s Party,6.78,1666,6.723
233,Norway,12/09/2005,12620,Conservative Party,14.098,1622,4.623
234,Norway,12/09/2005,12810,Centre Party,6.484,3771,2.28
235,Norway,12/09/2005,12951,Progress Party,22.056,2638,3.526
236,Norway,14/09/2009,12221,Socialist Left Party,6.2,2825,1.381
237,Norway,14/09/2009,12320,Norwegian Labour Party,35.379,2125,3.105
238,Norway,14/09/2009,12420,Liberal Party,3.882,2110,0.569
239,Norway,14/09/2009,12520,Christian People’s Party,5.544,3042,9.401
240,Norway,14/09/2009,12620,Conservative Party,17.236,1473,4.549
241,Norway,14/09/2009,12810,Centre Party,6.15,3694,3.626
242,Norway,14/09/2009,12951,Progress Party,22.91,2011,5.967
243,Norway,09/09/2013,12110,Green Party,2.791,1650,3.939
244,Norway,09/09/2013,12221,Socialist Left Party,4.091,3619,7.93
245,Norway,09/09/2013,12320,Labour Party,30.845,2691,8.918
246,Norway,09/09/2013,12420,Liberal Party,5.228,2588,5.719
247,Norway,09/09/2013,12520,Christian People’s Party,5.588,3596,12.82
248,Norway,09/09/2013,12620,Conservative Party,26.806,1365,6.666
249,Norway,09/09/2013,12810,Centre Party,5.478,1712,6.075
250,Norway,09/09/2013,12951,Progress Party,16.345,2519,6.352
426,Denmark,21/09/1994,13230,Socialist People’s Party,7.284,719,2.225
427,Denmark,21/09/1994,13320,Social Democratic Party,34.561,217,5.53
428,Denmark,21/09/1994,13330,Centre Democrats,2.84,195,5.128
429,Denmark,21/09/1994,13410,Danish Social-Liberal Party,4.589,51,5.882
430,Denmark,21/09/1994,13420,Liberals,23.295,209,0.957
431,Denmark,21/09/1994,13520,Christian People’s Party,1.848,61,18.033
432,Denmark,21/09/1994,13620,Conservative People’s Party,15.021,113,0.885
433,Denmark,21/09/1994,13951,Progress Party,6.433,323,2.477
434,Denmark,11/03/1998,13229,Red-Green Unity List,2.7,117,5.128
435,Denmark,11/03/1998,13230,Socialist People’s Party,7.56,293,1.706
436,Denmark,11/03/1998,13320,Social Democratic Party,35.93,384,11.458
437,Denmark,11/03/1998,13330,Centre Democrats,4.31,214,3.738
438,Denmark,11/03/1998,13410,Danish Social-Liberal Party,3.85,165,7.272
439,Denmark,11/03/1998,13420,Liberals,24.01,70,15.714
440,Denmark,11/03/1998,13520,Christian People’s Party,2.51,81,37.037
441,Denmark,11/03/1998,13620,Conservative People’s Party,8.92,241,12.033
442,Denmark,11/03/1998,13720,Danish People’s Party,7.41,72,16.667
443,Denmark,11/03/1998,13951,Progress Party,2.42,50,14
444,Denmark,20/11/2001,13229,Red-Green Unity List,2.4,159,4.403
445,Denmark,20/11/2001,13230,Socialist People’s Party,6.37,130,3.077
446,Denmark,20/11/2001,13320,Social Democratic Party,29.08,1125,7.91
447,Denmark,20/11/2001,13410,Danish Social-Liberal Party,5.19,53,9.434
448,Denmark,20/11/2001,13420,Liberals,31.25,69,14.493
449,Denmark,20/11/2001,13520,Christian People’s Party,2.28,77,40.26
450,Denmark,20/11/2001,13620,Conservative People’s Party,9.07,108,15.741
451,Denmark,20/11/2001,13720,Danish People’s Party,12,20,40
452,Denmark,08/02/2005,13229,Red-Green Unity List,3.399,223,2.69
453,Denmark,08/02/2005,13230,Socialist People’s Party,5.989,529,0.945
454,Denmark,08/02/2005,13320,Social Democratic Party,25.835,289,11.765
455,Denmark,08/02/2005,13330,Centre Democrats,1,64,0
456,Denmark,08/02/2005,13410,Danish Social-Liberal Party,9.181,88,6.818
457,Denmark,08/02/2005,13420,Liberals,29.031,253,12.253
458,Denmark,08/02/2005,13520,Christian People’s Party,1.7,206,31.553
459,Denmark,08/02/2005,13620,Conservative People’s Party,10.273,175,3.428
460,Denmark,08/02/2005,13720,Danish People’s Party,13.253,50,22
461,Denmark,13/11/2007,13001,New Alliance,2.81,48,10.417
462,Denmark,13/11/2007,13229,Red-Green Unity List,2.17,303,4.95
463,Denmark,13/11/2007,13230,Socialist People’s Party,13.04,70,0
464,Denmark,13/11/2007,13320,Social Democratic Party,25.47,117,4.274
465,Denmark,13/11/2007,13410,Danish Social-Liberal Party,5.12,52,7.692
466,Denmark,13/11/2007,13420,Liberals,26.26,129,13.954
467,Denmark,13/11/2007,13620,Conservative People’s Party,10.39,121,7.437
468,Denmark,13/11/2007,13720,Danish People’s Party,13.86,47,23.405
469,Denmark,15/09/2011,13001,Liberal Alliance,4.976,87,3.448
470,Denmark,15/09/2011,13229,Red-Green Unity List,6.682,450,6.889
471,Denmark,15/09/2011,13230,Socialist People’s Party,9.196,491,0.611
472,Denmark,15/09/2011,13320,Social Democratic Party,24.857,169,1.775
473,Denmark,15/09/2011,13410,Danish Social-Liberal Party,9.479,127,11.811
474,Denmark,15/09/2011,13420,Liberals,26.739,226,12.389
475,Denmark,15/09/2011,13620,Conservative People’s Party,4.922,142,12.676
476,Denmark,15/09/2011,13720,Danish People’s Party,12.303,346,21.965
573,Finland,17/03/1991,14223,Left Wing Alliance,10.075,56,0
574,Finland,17/03/1991,14320,Finnish Social Democrats,22.124,85,0
575,Finland,17/03/1991,14420,Liberal People’s Party,0.778,100,7
576,Finland,17/03/1991,14520,Finnish Christian Union,3.05,140,0
577,Finland,17/03/1991,14620,National Coalition,19.314,67,0
578,Finland,17/03/1991,14810,Finnish Centre,24.825,79,0
579,Finland,17/03/1991,14820,Finnish Rural Party,4.847,107,12.15
580,Finland,17/03/1991,14901,Swedish People’s Party,5.826,130,0
581,Finland,19/03/1995,14110,Green Union,6.516,67,0
582,Finland,19/03/1995,14223,Left Wing Alliance,11.16,47,2.128
583,Finland,19/03/1995,14320,Finnish Social Democrats,28.251,51,0
584,Finland,19/03/1995,14430,Young Finnish Party,2.807,53,7.548
585,Finland,19/03/1995,14520,Finnish Christian Union,2.96,107,25.234
586,Finland,19/03/1995,14620,National Coalition,17.894,171,1.17
587,Finland,19/03/1995,14810,Finnish Centre,19.85,41,4.878
588,Finland,19/03/1995,14820,Finnish Rural Party,1.301,107,12.15
589,Finland,19/03/1995,14901,Swedish People’s Party,5.494,193,5.699
590,Finland,21/03/1999,14110,Green Union,7.27,256,2.734
591,Finland,21/03/1999,14223,Left Wing Alliance,10.878,393,1.017
592,Finland,21/03/1999,14320,Finnish Social Democrats,22.86,73,5.479
593,Finland,21/03/1999,14520,Finnish Christian Union,4.127,72,26.388
594,Finland,21/03/1999,14620,National Coalition,21.03,112,16.964
595,Finland,21/03/1999,14810,Finnish Centre,22.399,286,0.35
596,Finland,21/03/1999,14820,True Finns,0.99,187,9.626
597,Finland,21/03/1999,14901,Swedish People’s Party,5.51,124,25
598,Finland,16/03/2003,14110,Green Union,8.008,352,0.852
599,Finland,16/03/2003,14223,Left Wing Alliance,9.928,37,0
600,Finland,16/03/2003,14320,Finnish Social Democrats,24.473,194,2.062
601,Finland,16/03/2003,14520,Christian Democrats in Finland,5.337,64,18.75
602,Finland,16/03/2003,14620,National Coalition,18.551,205,2.439
603,Finland,16/03/2003,14810,Finnish Centre,24.694,550,0.364
604,Finland,16/03/2003,14820,True Finns,1.569,187,9.626
605,Finland,16/03/2003,14901,Swedish People’s Party,4.614,291,5.498
606,Finland,18/03/2007,14110,Green Union,8.46,340,3.235
607,Finland,18/03/2007,14223,Left Wing Alliance,8.82,390,1.538
608,Finland,18/03/2007,14320,Finnish Social Democrats,21.44,398,1.508
609,Finland,18/03/2007,14520,Christian Democrats in Finland,4.97,278,10.791
610,Finland,18/03/2007,14620,National Coalition,22.26,180,7.223
611,Finland,18/03/2007,14810,Finnish Centre,23.11,782,2.303
612,Finland,18/03/2007,14820,True Finns,4.05,583,11.321
613,Finland,18/03/2007,14901,Swedish People’s Party,4.97,106,22.642
614,Finland,17/04/2011,14110,Green Union,7.252,617,5.996
615,Finland,17/04/2011,14223,Left Wing Alliance,8.132,172,1.744
616,Finland,17/04/2011,14320,Finnish Social Democrats,19.103,571,1.226
617,Finland,17/04/2011,14520,Christian Democrats in Finland,4.03,638,12.382
618,Finland,17/04/2011,14620,National Coalition,20.382,400,3
619,Finland,17/04/2011,14810,Finnish Centre,15.76,1056,9.091
620,Finland,17/04/2011,14820,True Finns,19.053,1483,18.947
621,Finland,17/04/2011,14901,Swedish People’s Party,4.279,171,9.942
829,Belgium,24/11/1991,21112,Live Differently,4.861,357,5.042
830,Belgium,24/11/1991,21321,Flemish Socialist Party,11.976,3013,1.694
831,Belgium,24/11/1991,21322,Francophone Socialist Party,13.489,1552,2.062
832,Belgium,24/11/1991,21421,Party of Liberty and Progress,11.977,188,2.128
833,Belgium,24/11/1991,21422,Liberal Reformation Party,8.141,1705,2.405
834,Belgium,24/11/1991,21521,Christian People’s Party,16.815,935,5.562
835,Belgium,24/11/1991,21522,Christian Social Party,7.736,803,4.733
836,Belgium,24/11/1991,21912,Francophone Democratic Front of Francophones,1.474,298,3.021
837,Belgium,24/11/1991,21913,Peoples’ Union,5.893,337,2.967
838,Belgium,24/11/1991,21914,Flemish Bloc,6.576,343,4.373
839,Belgium,21/05/1995,21111,Ecologists,4.008,339,0
840,Belgium,21/05/1995,21112,Live Differently,4.431,381,5.25
841,Belgium,21/05/1995,21321,Flemish Socialist Party,12.557,851,2.351
842,Belgium,21/05/1995,21322,Francophone Socialist Party,11.871,1775,1.972
843,Belgium,21/05/1995,21421,Flemish Liberals and Democrats,13.148,208,1.923
844,Belgium,21/05/1995,21423,Liberal Reformation Party - Francophone Democratic Front,10.264,630,2.698
845,Belgium,21/05/1995,21521,Christian People’s Party,17.176,820,5.366
846,Belgium,21/05/1995,21522,Christian Social Party,7.726,1344,3.273
847,Belgium,21/05/1995,21913,Peoples’ Union,4.669,795,2.768
848,Belgium,21/05/1995,21914,Flemish Bloc,7.834,1468,2.52
849,Belgium,13/06/1999,21111,Ecologists,7.359,1771,1.128
850,Belgium,13/06/1999,21112,Live Differently,6.991,2554,0.821
851,Belgium,13/06/1999,21321,Flemish Socialist Party,9.549,630,0.317
852,Belgium,13/06/1999,21322,Francophone Socialist Party,10.165,1103,1.269
853,Belgium,13/06/1999,21421,Flemish Liberals and Democrats,14.304,1494,4.285
854,Belgium,13/06/1999,21425,Liberal Reformation Party - Francophone Democratic Front - Citizens’ Movement for Change,10.14,1499,0.2
855,Belgium,13/06/1999,21521,Christian Democratic and Flemish,14.088,1386,4.257
856,Belgium,13/06/1999,21522,Christian Social Party,5.879,612,2.451
857,Belgium,13/06/1999,21914,Flemish Bloc,9.87,1468,2.52
858,Belgium,13/06/1999,21915,People’s Union - Complete Democracy for the 21st century,5.561,1845,3.522
859,Belgium,18/05/2003,21111,Ecologists,3.06,473,1.479
860,Belgium,18/05/2003,21112,Live Differently,2.47,978,4.498
861,Belgium,18/05/2003,21221,Socialist Party Different - Spirit,14.908,420,0
862,Belgium,18/05/2003,21322,Francophone Socialist Party,13.024,648,0.154
863,Belgium,18/05/2003,21421,Flemish Liberals and Democrats,15.356,268,6.716
864,Belgium,18/05/2003,21426,Reform Movement,11.396,334,0
865,Belgium,18/05/2003,21521,Christian Democratic and Flemish,13.249,428,5.14
866,Belgium,18/05/2003,21522,Christian Social Party,5.472,1327,5.727
867,Belgium,18/05/2003,21914,Flemish Bloc,11.68,1468,2.52
868,Belgium,18/05/2003,21916,New Flemish Alliance,3.064,330,8.485
869,Belgium,10/06/2007,21111,Ecologists,5.102,4698,1.98
870,Belgium,10/06/2007,21112,Green!,3.985,3331,3.002
871,Belgium,10/06/2007,21221,Socialist Party Different - Spirit,0,192,3.125
872,Belgium,10/06/2007,21321,Socialist Party Different,10.259,157,3.185
873,Belgium,10/06/2007,21322,Francophone Socialist Party,10.864,4786,2.215
874,Belgium,10/06/2007,21330,"Social, Progressive, International, Regionalist, Integrally Democartic  and Forward-Looking",0,1009,3.766
875,Belgium,10/06/2007,21421,Open Flemish Liberals and Democrats,11.83,1987,5.737
876,Belgium,10/06/2007,21426,Reform Movement,12.517,6049,1.223
877,Belgium,10/06/2007,21430,List Dedecker,4.027,891,3.815
878,Belgium,10/06/2007,21521,Christian Democratic and Flemish,14.808,2168,6.78
879,Belgium,10/06/2007,21522,Christian Social Party,6.057,5011,1.637
880,Belgium,10/06/2007,21916,New Flemish Alliance,3.702,1036,3.668
881,Belgium,10/06/2007,21917,Flemish Interest,11.99,2271,20.476
882,Belgium,13/06/2010,21111,Ecologists,4.796,3197,2.095
883,Belgium,13/06/2010,21112,Green!,4.381,1989,3.57
884,Belgium,13/06/2010,21321,Socialist Party Different,9.236,920,1.74
885,Belgium,13/06/2010,21322,Francophone Socialist Party,13.704,2232,1.882
886,Belgium,13/06/2010,21421,Open Flemish Liberals and Democrats,8.639,1603,5.552
887,Belgium,13/06/2010,21426,Reform Movement,9.278,5481,3.356
888,Belgium,13/06/2010,21430,List Dedecker,2.307,41,7.317
889,Belgium,13/06/2010,21521,Christian Democratic and Flemish,10.846,2042,2.841
890,Belgium,13/06/2010,21522,Christian Social Party,5.522,6787,3.226
891,Belgium,13/06/2010,21916,New Flemish Alliance,17.398,1360,6.325
892,Belgium,13/06/2010,21917,Flemish Interest,7.763,682,14.223
988,Netherlands,03/05/1994,22220,Socialist Party,1.322,570,8.069
989,Netherlands,03/05/1994,22320,Labour Party,23.973,2278,4.654
990,Netherlands,03/05/1994,22330,Democrats‘66,15.49,2318,1.207
991,Netherlands,03/05/1994,22420,People’s Party for Freedom and Democracy,19.956,549,2.915
992,Netherlands,03/05/1994,22521,Christian Democratic Appeal,22.217,2005,5.486
993,Netherlands,03/05/1994,22527,Reformed Political League,1.3,1306,24.195
994,Netherlands,03/05/1994,22528,Reformatory Political Federation,1.8,2041,17.492
995,Netherlands,03/05/1994,22711,Centre Democrats,2.5,388,28.607
996,Netherlands,03/05/1994,22952,Reformed Political Party,1.729,955,28.482
997,Netherlands,03/05/1994,22954,General Elderly Alliance,3.6,940,2.659
998,Netherlands,03/05/1994,22955,Union 55+,0.9,229,6.987
999,Netherlands,06/05/1998,22110,Green Left,7.27,1387,3.893
1000,Netherlands,06/05/1998,22220,Socialist Party,3.528,1810,1.712
1001,Netherlands,06/05/1998,22320,Labour Party,28.98,2030,2.069
1002,Netherlands,06/05/1998,22330,Democrats‘66,8.99,2516,3.14
1003,Netherlands,06/05/1998,22420,People’s Party for Freedom and Democracy,24.69,939,3.194
1004,Netherlands,06/05/1998,22521,Christian Democratic Appeal,18.37,2028,8.728
1005,Netherlands,06/05/1998,22527,Reformed Political League,1.2,1036,17.375
1006,Netherlands,06/05/1998,22528,Reformatory Political Federation,2.028,1492,23.19
1007,Netherlands,06/05/1998,22952,Reformed Political Party,1.781,1235,27.612
1008,Netherlands,15/05/2002,22110,Green Left,6.95,3032,1.089
1009,Netherlands,15/05/2002,22220,Socialist Party,5.9,1810,1.712
1010,Netherlands,15/05/2002,22320,Labour Party,15.11,2559,1.68
1011,Netherlands,15/05/2002,22330,Democrats‘66,5.1,1189,1.849
1012,Netherlands,15/05/2002,22420,People’s Party for Freedom and Democracy,15.44,1337,1.271
1013,Netherlands,15/05/2002,22430,Livable Netherlands,1.61,217,0.922
1014,Netherlands,15/05/2002,22521,Christian Democratic Appeal,27.93,1378,4.209
1015,Netherlands,15/05/2002,22526,Christian Union,2.54,2696,11.572
1016,Netherlands,15/05/2002,22720,List Pim Fortuyn,17,127,3.15
1017,Netherlands,15/05/2002,22952,Reformed Political Party,1.718,2116,20.133
1018,Netherlands,22/01/2003,22110,Green Left,5.13,566,3.357
1019,Netherlands,22/01/2003,22220,Socialist Party,6.33,2237,2.236
1020,Netherlands,22/01/2003,22320,Labour Party,27.28,399,2.255
1021,Netherlands,22/01/2003,22330,Democrats‘66,4.08,417,2.638
1022,Netherlands,22/01/2003,22420,People’s Party for Freedom and Democracy,17.95,203,4.434
1023,Netherlands,22/01/2003,22430,Livable Netherlands,0,1642,2.985
1024,Netherlands,22/01/2003,22521,Christian Democratic Appeal,28.65,1378,4.209
1025,Netherlands,22/01/2003,22526,Christian Union,2.13,327,18.96
1026,Netherlands,22/01/2003,22720,List Pim Fortuyn,5.71,1020,5.588
1027,Netherlands,22/11/2006,22110,Green Left,4.605,1143,4.724
1028,Netherlands,22/11/2006,22220,Socialist Party,16.575,1754,3.306
1029,Netherlands,22/11/2006,22320,Labour Party,21.193,2268,5.159
1030,Netherlands,22/11/2006,22330,Democrats‘66,1.964,1508,4.642
1031,Netherlands,22/11/2006,22420,People’s Party for Freedom and Democracy,14.67,543,6.261
1032,Netherlands,22/11/2006,22521,Christian Democratic Appeal,26.513,2225,11.237
1033,Netherlands,22/11/2006,22526,Christian Union,3.974,2017,14.228
1034,Netherlands,22/11/2006,22722,Party of Freedom,5.89,137,28.467
1035,Netherlands,22/11/2006,22951,Party for the Animals,1.829,869,1.726
1036,Netherlands,22/11/2006,22952,Reformed Political Party,1.558,1091,28.598
1037,Netherlands,09/06/2010,22110,Green Left,6.67,1557,4.303
1038,Netherlands,09/06/2010,22220,Socialist Party,9.83,970,1.442
1039,Netherlands,09/06/2010,22320,Labour Party,19.63,1682,4.459
1040,Netherlands,09/06/2010,22330,Democrats‘66,6.943,2899,4
1041,Netherlands,09/06/2010,22420,People’s Party for Freedom and Democracy,20.47,1522,6.373
1042,Netherlands,09/06/2010,22521,Christian Democratic Appeal,13.62,1931,7.25
1043,Netherlands,09/06/2010,22526,Christian Union,3.248,2728,14.773
1044,Netherlands,09/06/2010,22722,Party of Freedom,15.45,678,19.174
1045,Netherlands,09/06/2010,22951,Party for the Animals,1.3,1354,0.591
1046,Netherlands,09/06/2010,22952,Reformed Political Party,1.74,2055,27.008
1047,Netherlands,12/09/2012,22110,Green Left,2.333,1513,3.305
1048,Netherlands,12/09/2012,22220,Socialist Party,9.654,1534,1.435
1049,Netherlands,12/09/2012,22320,Labour Party,24.838,2760,3.913
1050,Netherlands,12/09/2012,22330,Democrats‘66,8.033,1929,1.969
1051,Netherlands,12/09/2012,22420,People’s Party for Freedom and Democracy,26.58,1719,3.955
1052,Netherlands,12/09/2012,22521,Christian Democratic Appeal,8.506,1192,8.641
1053,Netherlands,12/09/2012,22526,Christian Union,3.126,2705,9.723
1054,Netherlands,12/09/2012,22722,Party of Freedom,10.083,927,16.074
1055,Netherlands,12/09/2012,22951,Party for the Animals,1.933,1191,1.26
1056,Netherlands,12/09/2012,22952,Reformed Political Party,2.088,1812,29.195
1057,Netherlands,12/09/2012,22953,50Plus,1.885,206,1.941
1058,Netherlands,15/03/2017,22110,Green Left,9.125,1134,9.171
1059,Netherlands,15/03/2017,22220,Socialist Party,9.087,855,4.679
1060,Netherlands,15/03/2017,22320,Labour Party,5.703,2190,13.516
1061,Netherlands,15/03/2017,22321,DENK,2.055,874,8.352
1062,Netherlands,15/03/2017,22330,Democrats‘66,12.227,3808,8.351
1063,Netherlands,15/03/2017,22420,People’s Party for Freedom and Democracy,21.285,2812,13.265
1064,Netherlands,15/03/2017,22521,Christian Democratic Appeal,12.379,1415,12.863
1065,Netherlands,15/03/2017,22526,Christian Union,3.388,2630,13.763
1066,Netherlands,15/03/2017,22722,Party of Freedom,13.056,25,40
1067,Netherlands,15/03/2017,22730,Forum for Democracy,1.78,510,10.196
1068,Netherlands,15/03/2017,22951,Party for the Animals,3.188,1427,2.872
1069,Netherlands,15/03/2017,22952,Reformed Political Party,2.082,2380,22.731
1070,Netherlands,15/03/2017,22953,50Plus,3.111,495,5.858
1218,France,21/03/1993,31220,French Communist Party,9.14,147,0
1219,France,21/03/1993,31320,Socialist Party,19.04,125,0
1220,France,21/03/1993,31624,Union for French Democracy,19.62,55,0
1221,France,21/03/1993,31625,Rally for the Republic,20.24,127,3.937
1222,France,21/03/1993,31720,National Front,12.68,372.5,24.806
1223,France,25/05/1997,31110,The Greens,3.592,48,2.083
1224,France,25/05/1997,31111,Ecology Generation,2.674,123,4.878
1225,France,25/05/1997,31220,French Communist Party,9.901,70,0
1226,France,25/05/1997,31320,Socialist Party,25.484,143,0
1227,France,25/05/1997,31624,Union for French Democracy,14.689,61,1.639
1228,France,25/05/1997,31625,Rally for the Republic,16.801,61,1.639
1229,France,25/05/1997,31720,National Front,14.932,75,32
1230,France,09/06/2002,31110,The Greens,4.44,266,1.504
1231,France,09/06/2002,31220,French Communist Party,4.91,80,0
1232,France,09/06/2002,31320,Socialist Party,25.29,348,3.161
1233,France,09/06/2002,31624,Union for French Democracy,4.79,347,6.917
1234,France,09/06/2002,31626,Union for the Presidential Majority,33.37,213,1.878
1235,France,09/06/2002,31720,National Front,11.12,312,18.91
1236,France,10/06/2007,31110,The Greens,3.251,653,2.603
1237,France,10/06/2007,31220,French Communist Party,4.287,300,0.667
1238,France,10/06/2007,31320,Socialist Party,24.733,301,4.982
1239,France,10/06/2007,31624,Democratic Mouvement,7.613,292,7.191
1240,France,10/06/2007,31626,Union for a Popular Movement,39.54,951,2.629
1241,France,10/06/2007,31720,National Front,4.289,1225,27.184
1242,France,10/06/2012,31021,Left Front,6.909,747,1.607
1243,France,10/06/2012,31110,Europe Ecology - The Greens,5.465,1130,0.795
1244,France,10/06/2012,31230,Left Radical Party,1.653,458,1.31
1245,France,10/06/2012,31320,Socialist Party,29.354,214,0.934
1246,France,10/06/2012,31421,Radical Party,1.237,286,5.245
1247,France,10/06/2012,31624,Democratic Mouvement,1.765,413,2.663
1248,France,10/06/2012,31626,Union for a Popular Movement,27.116,472,8.686
1249,France,10/06/2012,31630,New Centre,2.196,720,0
1250,France,10/06/2012,31631,Centrist Alliance,0.601,72,1.389
1251,France,10/06/2012,31720,National Front,13.596,297,14.142
1252,France,11/06/2017,31110,Europe Ecology - The Greens,4.297,220,8.183
1253,France,11/06/2017,31220,French Communist Party,2.717,36,2.778
1254,France,11/06/2017,31230,Left Radical Party,0.469,537,6.144
1255,France,11/06/2017,31240,Indomitable France,11.025,1026,6.043
1256,France,11/06/2017,31320,Socialist Party,7.441,76,1.316
1257,France,11/06/2017,31425,Republic Onwards!,28.212,362,8.287
1258,France,11/06/2017,31430,Union of Democrats and Independents,3.034,257,10.116
1259,France,11/06/2017,31624,Democratic Mouvement,4.115,452,7.522
1260,France,11/06/2017,31626,The Republicans,15.774,257,10.116
1261,France,11/06/2017,31720,National Front,13.2,258,17.83
1359,Italy,28/03/1994,32212,Communist Refoundation Party,6.048,359,4.735
1360,Italy,28/03/1994,32220,Democratic Party of the Left,20.354,156,0
1361,Italy,28/03/1994,32310,Pannella-Riformatori List,3.513,30,0
1362,Italy,28/03/1994,32320,Italian Socialist Party,2.181,761,3.548
1363,Italy,28/03/1994,32520,Italian Popular Party,11.061,226,18.584
1364,Italy,28/03/1994,32528,Pact for Italy,4.652,349,0.86
1365,Italy,28/03/1994,32529,Democratic Alliance,1.172,116,1.724
1366,Italy,28/03/1994,32610,Go Italy,21.037,509,4.125
1367,Italy,28/03/1994,32710,National Alliance,13.48,393,9.924
1368,Italy,28/03/1994,32720,Northern League,8.62,602,3.655
1369,Italy,28/03/1994,32951,The Network/Movement for Democracy,1.861,35,5.714
1370,Italy,21/04/1996,32110,Green Federation,2.5,217,0
1371,Italy,21/04/1996,32212,Communist Refoundation Party,8.576,163,2.454
1372,Italy,21/04/1996,32220,Democratic Party of the Left,21.058,107,8.411
1373,Italy,21/04/1996,32310,Pannella-Sgarbi List,1.869,30,0
1374,Italy,21/04/1996,32321,Italian Renewal,4.339,34,5.882
1375,Italy,21/04/1996,32520,Italian Popular Party,6.81,61,1.639
1376,Italy,21/04/1996,32521,Christian Democratic Centre,0,54,9.259
1377,Italy,21/04/1996,32529,Democratic Alliance,5.84,300,12.334
1378,Italy,21/04/1996,32610,Go Italy,20.574,54,0
1379,Italy,21/04/1996,32710,National Alliance,15.667,166,1.807
1380,Italy,21/04/1996,32720,Northern League,10.074,538,0.93
1381,Italy,13/05/2001,32111,The Girasole (‘Sunflower'),2.17,1279,1.564
1382,Italy,13/05/2001,32212,Communist Refoundation Party,5.03,1963,2.038
1383,Italy,13/05/2001,32213,Party of Italian Communists,1.67,1279,1.564
1384,Italy,13/05/2001,32220,Democrats of the Left,16.56,1279,1.564
1385,Italy,13/05/2001,32329,Olive Tree,0,1279,1.564
1386,Italy,13/05/2001,32421,Daisy - Democracy is Freedom,14.51,1279,1.564
1387,Italy,13/05/2001,32522,White Flower,3.22,621,4.187
1388,Italy,13/05/2001,32610,Go Italy,29.42,621,4.187
1389,Italy,13/05/2001,32611,New Italian Socialist Party,0.95,621,4.187
1390,Italy,13/05/2001,32629,House of Freedom,0,624,4.167
1391,Italy,13/05/2001,32710,National Alliance,12.01,621,4.187
1392,Italy,13/05/2001,32720,Northern League,3.94,621,4.187
1393,Italy,13/05/2001,32901,European Democracy,2.4,159,1.887
1394,Italy,13/05/2001,32902,List Di Pietro - Italy of Values,3.9,1147,0.087
1395,Italy,10/04/2006,32110,Green Federation,2,3766,0.53
1396,Italy,10/04/2006,32212,Communist Refoundation Party,5.69,3766,0.53
1397,Italy,10/04/2006,32213,Party of Italian Communists,2.25,3766,0.53
1398,Italy,10/04/2006,32221,Rose in the Fist,2.53,3766,0.53
1399,Italy,10/04/2006,32329,Olive Tree,30.43,3766,0.53
1400,Italy,10/04/2006,32530,Union for Christian and Center Democrats,6.75,249,5.62
1401,Italy,10/04/2006,32610,Go Italy,23.6,249,5.62
1402,Italy,10/04/2006,32611,New Italian Socialist Party,0.73,249,5.62
1403,Italy,10/04/2006,32710,National Alliance,12.01,249,5.62
1404,Italy,10/04/2006,32720,Northern League,4.51,249,5.62
1405,Italy,10/04/2006,32902,List Di Pietro - Italy of Values,2.31,3766,0.53
1406,Italy,10/04/2006,32903,Autonomy Liberty Democracy (Aosta Valley),0.09,3766,0.53
1407,Italy,10/04/2006,32904,South Tyrolean People’s Party,0.47,3766,0.53
1408,Italy,10/04/2006,32952,Italy in the World,0.19,249,5.62
1409,Italy,10/04/2006,32953,Popular Democratic Union for Europe,1.39,3766,0.53
1410,Italy,10/04/2006,32955,The Union – Prodi,1.08,3766,0.53
1411,Italy,13/04/2008,32061,People of Freedom,37.217,252,2.778
1412,Italy,13/04/2008,32440,Democratic Party,33.163,198,1.01
1413,Italy,13/04/2008,32530,Union of the Center,5.69,235,4.681
1414,Italy,13/04/2008,32720,Northern League,8.073,240,8.333
1415,Italy,13/04/2008,32902,List Di Pietro - Italy of Values,4.364,43,2.326
1416,Italy,24/02/2013,32021,Civil Revolution,2.25,414,3.865
1417,Italy,24/02/2013,32061,People of Freedom,21.566,210,0.952
1418,Italy,24/02/2013,32230,Left Ecology Freedom,3.204,597,3.183
1419,Italy,24/02/2013,32440,Democratic Party,25.423,204,1.961
1420,Italy,24/02/2013,32450,Democratic Centre,0.491,392,0.51
1421,Italy,24/02/2013,32460,Civic Choice,8.305,336,2.083
1422,Italy,24/02/2013,32530,Union of the Center,1.789,419,8.353
1423,Italy,24/02/2013,32630,Brothers of Italy - National Centre-right,1.958,461,3.036
1424,Italy,24/02/2013,32640,Labour and Freedom List,0.227,264,0
1425,Italy,24/02/2013,32720,Northern League,3.861,210,0.952
1426,Italy,24/02/2013,32904,South Tyrolean People’s Party,0.432,651,13.672
1427,Italy,24/02/2013,32906,Autonomy Progress Federalism Aosta Valley,0.05,11,0
1428,Italy,24/02/2013,32956,Five Star Movement,25.555,155,0
1598,Greece,10/10/1993,34313,Panhellenic Socialist Movement,46.883,2862,2.726
1599,Greece,10/10/1993,34511,New Democracy,39.295,226,17.699
1600,Greece,10/10/1993,34512,Political Spring,4.874,1218,8.62
1601,Greece,22/09/1996,34210,Communist Party of Greece,5.61,834,0.6
1602,Greece,22/09/1996,34211,Progressive Left Coalition,5.119,135,0.741
1603,Greece,22/09/1996,34313,Panhellenic Socialist Movement,41.495,6314,2.455
1604,Greece,22/09/1996,34314,Democratic Social Movement,4.437,2103,3.043
1605,Greece,22/09/1996,34511,New Democracy,38.124,7336,0.354
1606,Greece,22/09/1996,34512,Political Spring,2.944,343,12.245
1607,Greece,09/04/2000,34210,Communist Party of Greece,5.53,430,2.326
1608,Greece,09/04/2000,34211,Progressive Left Coalition,3.2,1026,1.072
1609,Greece,09/04/2000,34313,Panhellenic Socialist Movement,43.79,3790,2.163
1610,Greece,09/04/2000,34511,New Democracy,42.73,2213,4.292
1611,Greece,07/03/2004,34020,Coalition of the Radical Left,3.262,160,2.5
1612,Greece,07/03/2004,34210,Communist Party of Greece,5.896,116,1.724
1613,Greece,07/03/2004,34313,Panhellenic Socialist Movement,40.548,3433,1.69
1614,Greece,07/03/2004,34511,New Democracy,45.362,3187,1.004
1615,Greece,16/09/2007,34020,Coalition of the Radical Left,5.045,56,1.786
1616,Greece,16/09/2007,34210,Communist Party of Greece,8.154,131,4.58
1617,Greece,16/09/2007,34313,Panhellenic Socialist Movement,38.097,2233,4.12
1618,Greece,16/09/2007,34511,New Democracy,41.835,624,2.244
1619,Greece,16/09/2007,34710,Popular Orthodox Rally,3.795,1337,11.369
1620,Greece,04/10/2009,34020,Coalition of the Radical Left,4.602,84,2.38
1621,Greece,04/10/2009,34210,Communist Party of Greece,7.541,68,0
1622,Greece,04/10/2009,34313,Panhellenic Socialist Movement,43.923,1293,3.635
1623,Greece,04/10/2009,34511,New Democracy,33.477,652,0
1624,Greece,04/10/2009,34710,Popular Orthodox Rally,5.63,NA,0
1625,Greece,06/05/2012,34020,Coalition of the Radical Left,16.781,540,2.222
1626,Greece,06/05/2012,34210,Communist Party of Greece,8.477,541,3.512
1627,Greece,06/05/2012,34213,Democratic Left,6.106,1580,2.405
1628,Greece,06/05/2012,34313,Panhellenic Socialist Movement,13.18,408,1.961
1629,Greece,06/05/2012,34511,New Democracy,18.849,44,4.545
1630,Greece,06/05/2012,34710,Popular Orthodox Rally,2.901,641,13.416
1631,Greece,06/05/2012,34720,Golden Dawn,6.972,186,31.183
1632,Greece,06/05/2012,34730,Independent Greeks,10.605,155,18.064
1633,Greece,17/06/2012,34020,Coalition of the Radical Left,26.887,1127,1.509
1634,Greece,17/06/2012,34210,Communist Party of Greece,4.503,163,0.613
1635,Greece,17/06/2012,34213,Democratic Left,6.256,1580,2.405
1636,Greece,17/06/2012,34313,Panhellenic Socialist Movement,12.279,49,0
1637,Greece,17/06/2012,34511,New Democracy,29.658,44,4.545
1638,Greece,17/06/2012,34720,Golden Dawn,6.92,186,31.183
1639,Greece,17/06/2012,34730,Independent Greeks,7.513,155,18.064
1640,Greece,25/01/2015,34210,Communist Party of Greece,5.341,62,6.452
1641,Greece,25/01/2015,34212,Coalition of the Radical Left - Unionist Social Front,36.34,151,0
1642,Greece,25/01/2015,34313,Panhellenic Socialist Movement,4.573,584,1.198
1643,Greece,25/01/2015,34340,The River,5.906,751,5.459
1644,Greece,25/01/2015,34511,New Democracy,27.15,162,1.235
1645,Greece,25/01/2015,34720,Golden Dawn,6.136,172,18.023
1646,Greece,25/01/2015,34730,Independent Greeks,4.635,26,57.692
1647,Greece,20/09/2015,34210,Communist Party of Greece,5.418,115,0
1648,Greece,20/09/2015,34212,Coalition of the Radical Left - Unionist Social Front,35.46,2883,1.699
1649,Greece,20/09/2015,34213,Democratic Left,0.74,NA,0
1650,Greece,20/09/2015,34214,Popular Unity,2.86,235,2.553
1651,Greece,20/09/2015,34313,Panhellenic Socialist Movement,5.54,413,0
1652,Greece,20/09/2015,34340,The River,3.993,NA,0
1653,Greece,20/09/2015,34410,Union of Centrists,3.352,1508,2.851
1654,Greece,20/09/2015,34511,New Democracy,27.414,491,5.091
1655,Greece,20/09/2015,34720,Golden Dawn,6.82,NA,0
1656,Greece,20/09/2015,34730,Independent Greeks,3.602,NA,0
1810,Germany,16/10/1994,41221,Party of Democratic Socialism,4.386,289,3.806
1811,Germany,16/10/1994,41320,Social Democratic Party of Germany,36.387,303,1.32
1812,Germany,16/10/1994,41420,Free Democratic Party,6.917,905,2.431
1813,Germany,16/10/1994,41521,Christian Democratic Union/Christian Social Union,41.44,276,8.333
1814,Germany,27/09/1998,41113,Alliance‘90/Greens,6.696,2153,3.297
1815,Germany,27/09/1998,41221,Party of Democratic Socialism,5.101,936,1.711
1816,Germany,27/09/1998,41320,Social Democratic Party of Germany,40.929,998,4.209
1817,Germany,27/09/1998,41420,Free Democratic Party,6.248,1605,5.296
1818,Germany,27/09/1998,41521,Christian Democratic Union/Christian Social Union,35.145,567,12.346
1819,Germany,22/09/2002,41113,Alliance‘90/Greens,8.564,1660,3.131
1820,Germany,22/09/2002,41221,Party of Democratic Socialism,3.993,844,2.486
1821,Germany,22/09/2002,41320,Social Democratic Party of Germany,38.521,1610,5.404
1822,Germany,22/09/2002,41420,Free Democratic Party,7.373,1982,4.288
1823,Germany,22/09/2002,41521,Christian Democratic Union/Christian Social Union,38.5,1315,10.569
1824,Germany,18/09/2005,41113,Alliance‘90/Greens,8.117,1867,2.731
1825,Germany,18/09/2005,41222,The Left. Party of Democratic Socialism,8.709,573,1.921
1826,Germany,18/09/2005,41320,Social Democratic Party of Germany,34.247,882,4.534
1827,Germany,18/09/2005,41420,Free Democratic Party,9.829,1419,3.1
1828,Germany,18/09/2005,41521,Christian Democratic Union/Christian Social Union,35.17,777,8.366
1829,Germany,27/09/2009,41113,Alliance‘90/Greens,10.706,3596,2.531
1830,Germany,27/09/2009,41223,The Left,11.888,1664,3.066
1831,Germany,27/09/2009,41320,Social Democratic Party of Germany,23.035,2208,3.171
1832,Germany,27/09/2009,41420,Free Democratic Party,14.563,2247,2.716
1833,Germany,27/09/2009,41521,Christian Democratic Union/Christian Social Union,33.8,2006,8.824
1834,Germany,22/09/2013,41113,Alliance‘90/Greens,8.444,5430,4.531
1835,Germany,22/09/2013,41223,The Left,8.6,2472,3.359
1836,Germany,22/09/2013,41320,Social Democratic Party of Germany,25.7,2898,3.831
1837,Germany,22/09/2013,41420,Free Democratic Party,4.8,2579,6.049
1838,Germany,22/09/2013,41521,Christian Democratic Union/Christian Social Union,41.5,2574,7.382
1839,Germany,22/09/2013,41952,Pirates,2.2,1794,4.85
1840,Germany,22/09/2013,41953,Alternative for Germany,4.7,73,10.959
1841,Germany,24/09/2017,41113,Alliance‘90/Greens,8.94,3875,6.838
1842,Germany,24/09/2017,41223,The Left,9.238,3939,4.316
1843,Germany,24/09/2017,41320,Social Democratic Party of Germany,20.508,2645,5.822
1844,Germany,24/09/2017,41420,Free Democratic Party,10.748,2077,3.948
1845,Germany,24/09/2017,41521,Christian Democratic Union/Christian Social Union,32.925,1342,14.308
1846,Germany,24/09/2017,41953,Alternative for Germany,12.637,1004,27.092
1889,Austria,09/10/1994,42320,Austrian Social Democratic Party,34.918,606,3.63
1890,Austria,09/10/1994,42420,Austrian Freedom Party,22.497,791,6.447
1891,Austria,09/10/1994,42421,Liberal Forum,5.97,150,2
1892,Austria,09/10/1994,42520,Austrian People’s Party,27.667,1098,6.739
1893,Austria,17/12/1995,42110,The Greens,4.815,117,4.274
1894,Austria,17/12/1995,42320,Austrian Social Democratic Party,38.059,259,3.475
1895,Austria,17/12/1995,42420,Freedom Movement,21.885,149,7.383
1896,Austria,17/12/1995,42421,Liberal Forum,5.513,34,0
1897,Austria,17/12/1995,42520,Austrian People’s Party,28.291,240,0.417
1898,Austria,03/10/1999,42110,The Greens,7.4,980,3.877
1899,Austria,03/10/1999,42320,Austrian Social Democratic Party,33.2,899,2.447
1900,Austria,03/10/1999,42420,Austrian Freedom Party,26.91,832,18.15
1901,Austria,03/10/1999,42520,Austrian People’s Party,26.91,2741,2.736
1902,Austria,24/11/2002,42110,The Greens,9.47,685,5.11
1903,Austria,24/11/2002,42220,Austrian Communist Party,0,217,5.531
1904,Austria,24/11/2002,42320,Austrian Social Democratic Party,36.51,1151,3.475
1905,Austria,24/11/2002,42420,Austrian Freedom Party,10.01,2668,2.773
1906,Austria,24/11/2002,42520,Austrian People’s Party,42.3,2165,1.895
1907,Austria,01/10/2006,42110,The Greens,11.05,693,7.793
1908,Austria,01/10/2006,42320,Austrian Social Democratic Party,35.34,721,6.519
1909,Austria,01/10/2006,42420,Austrian Freedom Party,11.04,325,10.462
1910,Austria,01/10/2006,42520,Austrian People’s Party,34.33,2060,9.272
1911,Austria,01/10/2006,42710,Alliance for the Future of Austria,4.11,558,9.497
1912,Austria,28/09/2008,42110,The Greens,10.43,697,6.456
1913,Austria,28/09/2008,42220,Austrian Communist Party,0.76,115,2.609
1914,Austria,28/09/2008,42320,Austrian Social Democratic Party,29.26,1203,5.154
1915,Austria,28/09/2008,42420,Austrian Freedom Party,17.54,462,10.389
1916,Austria,28/09/2008,42520,Austrian People’s Party,25.98,610,8.197
1917,Austria,28/09/2008,42710,Alliance for the Future of Austria,10.7,344,7.268
1918,Austria,29/09/2013,42110,The Greens,12.416,2396,6.052
1919,Austria,29/09/2013,42320,Austrian Social Democratic Party,26.819,725,4.277
1920,Austria,29/09/2013,42420,Austrian Freedom Party,20.506,115,23.479
1921,Austria,29/09/2013,42430,The New Austria,4.964,1022,6.752
1922,Austria,29/09/2013,42520,Austrian People’s Party,23.991,1162,4.045
1923,Austria,29/09/2013,42951,Team Stronach for Austria,5.725,1236,2.994
1924,Austria,15/10/2017,42110,The Greens,3.8,1085,3.041
1925,Austria,15/10/2017,42120,Peter Pilz List,4.409,71,5.633
1926,Austria,15/10/2017,42320,Austrian Social Democratic Party,26.859,2724,4.663
1927,Austria,15/10/2017,42420,Austrian Freedom Party,25.966,452,13.938
1928,Austria,15/10/2017,42430,The New Austria and Liberal Forum,5.296,126,6.349
1929,Austria,15/10/2017,42520,Austrian People’s Party,31.47,2795,8.265
2000,Switzerland,20/10/1991,43220,Swiss Labour Party,0.78,177,5.085
2001,Switzerland,20/10/1991,43320,Social Democratic Party of Switzerland,18.491,163,0
2002,Switzerland,20/10/1991,43321,Independents’ Alliance,2.771,158,2.532
2003,Switzerland,20/10/1991,43420,Radical Democratic Party,20.991,272,5.147
2004,Switzerland,20/10/1991,43520,Christian Democratic People’s Party of Switzerland,18.199,306,5.229
2005,Switzerland,20/10/1991,43530,Protestant People’s Party of Switzerland,1.896,244,10.656
2006,Switzerland,20/10/1991,43531,Liberal Party of Switzerland,3.04,87,14.943
2007,Switzerland,20/10/1991,43710,Swiss Democrats,3.312,238,25.21
2008,Switzerland,20/10/1991,43711,Federal Democratic Union,1,98,49.999
2009,Switzerland,20/10/1991,43810,Swiss People’s Party,11.9,231,5.195
2010,Switzerland,20/10/1991,43951,Swiss Motorists’ Party,5.067,378,2.645
2011,Switzerland,22/10/1995,43110,Green Party of Switzerland,5.069,82,4.878
2012,Switzerland,22/10/1995,43220,Swiss Labour Party,1.21,177,5.085
2013,Switzerland,22/10/1995,43320,Social Democratic Party of Switzerland,21.908,245,3.673
2014,Switzerland,22/10/1995,43321,Independents’ Alliance,1.836,158,2.532
2015,Switzerland,22/10/1995,43420,Radical Democratic Party,20.288,166,3.614
2016,Switzerland,22/10/1995,43520,Christian Democratic People’s Party of Switzerland,16.882,33,3.03
2017,Switzerland,22/10/1995,43530,Protestant People’s Party of Switzerland,1.798,50,18
2018,Switzerland,22/10/1995,43531,Liberal Party of Switzerland,2.7,87,14.943
2019,Switzerland,22/10/1995,43710,Swiss Democrats,3.15,238,25.21
2020,Switzerland,22/10/1995,43711,Federal Democratic Union,1.31,98,49.999
2021,Switzerland,22/10/1995,43810,Swiss People’s Party,14.979,434,2.995
2022,Switzerland,22/10/1995,43951,Freedom Party of Switzerland,3.99,378,2.645
2023,Switzerland,24/10/1999,43110,Green Party of Switzerland,4.97,291,2.406
2024,Switzerland,24/10/1999,43220,Swiss Labour Party,0.96,177,5.085
2025,Switzerland,24/10/1999,43320,Social Democratic Party of Switzerland,22.47,509,1.179
2026,Switzerland,24/10/1999,43321,Independents’ Alliance,0.74,158,2.532
2027,Switzerland,24/10/1999,43420,Radical Democratic Party,19.92,375,6.667
2028,Switzerland,24/10/1999,43520,Christian Democratic People’s Party of Switzerland,15.85,1186,8.768
2029,Switzerland,24/10/1999,43530,Protestant People’s Party of Switzerland,1.83,75,22.667
2030,Switzerland,24/10/1999,43531,Liberal Party of Switzerland,2.26,87,14.943
2031,Switzerland,24/10/1999,43710,Swiss Democrats,1.84,238,25.21
2032,Switzerland,24/10/1999,43711,Federal Democratic Union,1.252,98,49.999
2033,Switzerland,24/10/1999,43810,Swiss People’s Party,22.54,878,10.023
2034,Switzerland,19/10/2003,43110,Green Party of Switzerland,7.321,160,3.75
2035,Switzerland,19/10/2003,43220,Swiss Labour Party,0.891,175,5.142
2036,Switzerland,19/10/2003,43320,Social Democratic Party of Switzerland,23.088,783,7.662
2037,Switzerland,19/10/2003,43420,Radical Democratic Party,17.12,481,8.524
2038,Switzerland,19/10/2003,43520,Christian Democratic People’s Party of Switzerland,14.235,153,32.68
2039,Switzerland,19/10/2003,43530,Protestant People’s Party of Switzerland,2.273,131,21.375
2040,Switzerland,19/10/2003,43531,Liberal Party of Switzerland,2.159,88,13.636
2041,Switzerland,19/10/2003,43710,Swiss Democrats,0.95,238,25.21
2042,Switzerland,19/10/2003,43711,Federal Democratic Union,1.252,98,49.999
2043,Switzerland,19/10/2003,43810,Swiss People’s Party,26.45,1370,12.116
2044,Switzerland,21/10/2007,43110,Green Party of Switzerland,9.586,814,2.703
2045,Switzerland,21/10/2007,43120,Green Liberal Party,1.427,103,0.971
2046,Switzerland,21/10/2007,43220,Swiss Labour Party,0.7,109,0
2047,Switzerland,21/10/2007,43320,Social Democratic Party of Switzerland,19.546,1143,4.724
2048,Switzerland,21/10/2007,43420,Radical Democratic Party,15.762,127,7.086
2049,Switzerland,21/10/2007,43520,Christian Democratic People’s Party of Switzerland,14.479,125,8
2050,Switzerland,21/10/2007,43530,Protestant People’s Party of Switzerland,2.442,89,12.36
2051,Switzerland,21/10/2007,43540,Christian Social Party,0.434,175,6.286
2052,Switzerland,21/10/2007,43711,Federal Democratic Union,1.281,40,40
2053,Switzerland,21/10/2007,43810,Swiss People’s Party,28.897,1060,8.868
2054,Switzerland,21/10/2007,43901,Ticino League,0.578,218,6.881
2055,Switzerland,23/10/2011,43110,Green Party of Switzerland,8.433,416,1.682
2056,Switzerland,23/10/2011,43120,Green Liberal Party,5.381,71,4.225
2057,Switzerland,23/10/2011,43320,Social Democratic Party of Switzerland,18.722,71,1.408
2058,Switzerland,23/10/2011,43420,FDP.The Liberals,15.105,208,11.539
2059,Switzerland,23/10/2011,43520,Christian Democratic People’s Party of Switzerland,12.304,148,9.459
2060,Switzerland,23/10/2011,43530,Protestant People’s Party of Switzerland,1.997,25,16
2061,Switzerland,23/10/2011,43540,Christian Social Party,0.256,278,3.956
2062,Switzerland,23/10/2011,43810,Swiss People’s Party,26.556,120,7.5
2063,Switzerland,23/10/2011,43811,Conservative Democratic Party of Switzerland,5.415,77,12.987
2064,Switzerland,23/10/2011,43901,Ticino League,0.805,NA,0
2065,Switzerland,23/10/2011,43902,Geneva Citizens' Movement,0.439,19,0
2066,Switzerland,18/10/2015,43110,Green Party of Switzerland,7.057,280,15.357
2067,Switzerland,18/10/2015,43120,Green Liberal Party,4.626,225,5.333
2068,Switzerland,18/10/2015,43220,Swiss Labour Party,0.401,353,4.25
2069,Switzerland,18/10/2015,43320,Social Democratic Party of Switzerland,18.841,130,3.846
2070,Switzerland,18/10/2015,43420,FDP.The Liberals,16.397,111,12.613
2071,Switzerland,18/10/2015,43520,Christian Democratic People’s Party of Switzerland,11.716,278,17.267
2072,Switzerland,18/10/2015,43530,Protestant People’s Party of Switzerland,1.895,555,12.072
2073,Switzerland,18/10/2015,43810,Swiss People’s Party,29.386,1329,19.037
2074,Switzerland,18/10/2015,43811,Conservative Democratic Party of Switzerland,4.104,329,6.384
2075,Switzerland,18/10/2015,43902,Geneva Citizens' Movement,0.325,21,28.572
2117,United Kingdom,09/04/1991,51320,Labour Party,34.392,637,0.7
2118,United Kingdom,09/04/1992,51421,Liberal Democrats,17.848,837,0
2119,United Kingdom,09/04/1992,51620,Conservative Party,41.926,1686,9.8
2120,United Kingdom,09/04/1992,51621,Ulster Unionist Party,0.81,261,3.448
2121,United Kingdom,09/04/1992,51902,Scottish National Party,1.87,813,6.396
2122,United Kingdom,09/04/1992,51903,Democratic Unionist Party,0.31,374,4.545
2123,United Kingdom,01/05/1997,51210,We Ourselves,0.41,537,6.889
2124,United Kingdom,01/05/1997,51320,Labour Party,43.208,830,3.493
2125,United Kingdom,01/05/1997,51421,Liberal Democrats,16.758,842,4.038
2126,United Kingdom,01/05/1997,51620,Conservative Party,30.687,1084,5.72
2127,United Kingdom,01/05/1997,51621,Ulster Unionist Party,0.83,261,3.448
2128,United Kingdom,01/05/1997,51902,Scottish National Party,1.99,651,3.533
2129,United Kingdom,01/05/1997,51903,Democratic Unionist Party,0.34,374,4.545
2130,United Kingdom,07/06/2001,51210,We Ourselves,0.667,537,6.889
2131,United Kingdom,07/06/2001,51320,Labour Party,40.67,1494,1.071
2132,United Kingdom,07/06/2001,51421,Liberal Democrats,18.25,1149,1.131
2133,United Kingdom,07/06/2001,51620,Conservative Party,31.7,724,1.657
2134,United Kingdom,07/06/2001,51621,Ulster Unionist Party,0.822,261,3.448
2135,United Kingdom,07/06/2001,51902,Scottish National Party,1.761,806,6.203
2136,United Kingdom,07/06/2001,51903,Democratic Unionist Party,0.69,374,4.545
2137,United Kingdom,07/06/2001,51951,United Kingdom Independence Party,0,360,9.167
2138,United Kingdom,05/05/2005,51320,Labour Party,35.186,1068,2.434
2139,United Kingdom,05/05/2005,51421,Liberal Democrats,22.047,685,0.876
2140,United Kingdom,05/05/2005,51620,Conservative Party,32.359,344,3.78
2141,United Kingdom,06/05/2010,51320,Labour Party,28.997,1133,7.85
2142,United Kingdom,06/05/2010,51421,Liberal Democrats,23,815,3.19
2143,United Kingdom,06/05/2010,51620,Conservative Party,36.127,1112,5.85
2144,United Kingdom,07/05/2015,51110,Green Party of England and Wales,3.8,2235,0.716
2145,United Kingdom,07/05/2015,51210,We Ourselves,0.573,272,23.162
2146,United Kingdom,07/05/2015,51320,Labour Party,30.415,1009,4.46
2147,United Kingdom,07/05/2015,51340,Social Democratic and Labour Party,0.325,407,7.371
2148,United Kingdom,07/05/2015,51421,Liberal Democrats,7.861,1917,1.146
2149,United Kingdom,07/05/2015,51620,Conservative Party,36.882,1588,5.479
2150,United Kingdom,07/05/2015,51621,Ulster Unionist Party,0.374,417,13.908
2151,United Kingdom,07/05/2015,51901,The Party of Wales,0.591,776,7.99
2152,United Kingdom,07/05/2015,51902,Scottish National Party,4.733,892,2.69
2153,United Kingdom,07/05/2015,51903,Democratic Unionist Party,0.6,229,21.397
2154,United Kingdom,07/05/2015,51951,United Kingdom Independence Party,12.629,1348,9.347
2155,United Kingdom,08/06/2017,51110,Green Party of England and Wales,1.632,209,2.391
2156,United Kingdom,08/06/2017,51210,We Ourselves,0.742,193,5.182
2157,United Kingdom,08/06/2017,51320,Labour Party,39.988,1328,1.958
2158,United Kingdom,08/06/2017,51421,Liberal Democrats,7.365,1131,2.476
2159,United Kingdom,08/06/2017,51620,Conservative Party,42.345,1496,4.746
2160,United Kingdom,08/06/2017,51901,The Party of Wales,0.511,336,2.976
2161,United Kingdom,08/06/2017,51902,Scottish National Party,3.036,787,3.049
2162,United Kingdom,08/06/2017,51903,Democratic Unionist Party,0.908,433,17.783
2163,United Kingdom,08/06/2017,51951,United Kingdom Independence Party,1.845,1080,9.074
